date,ret_true,VaR95_HAR,VaR95_GARCHt,VaR95_Patch_raw,VaR95_Patch_cal
2023-01-03,-0.004218820827044389,-0.012041448985250171,-0.020583213247149373,-0.1324341,-0.0462121720603116
2023-01-04,0.007690744983219311,-0.016360569004256947,-0.020673259484321527,-0.11979514,-0.033573212060311594
2023-01-05,-0.011479114788772726,-0.015209298167312792,-0.020762357588688538,-0.124954075,-0.0387321470603116
2023-01-06,0.022673013698124578,-0.010889864586262054,-0.02085052317582376,-0.10214873,-0.015926802060311593
2023-01-09,-0.0005670974453844124,-0.01778616845697542,-0.020937771450790316,-0.1170028,-0.030780872060311604
2023-01-10,0.006988447539274745,-0.015607027796661713,-0.021024117223593677,-0.11724073,-0.0310188020603116
2023-01-11,0.012568600992159062,-0.012455018266430766,-0.021109574923839806,-0.124558985,-0.0383370570603116
2023-01-12,0.0036340583798759596,-0.0117786630384693,-0.01497872661022019,-0.11011493,-0.0238930020603116
2023-01-13,0.0038721939465524713,-0.015201503826333613,-0.01513779198919782,-0.10432392,-0.0181019920603116
2023-01-17,-0.0018337107165677935,-0.012081297427669205,-0.01529417699129378,-0.11226772,-0.0260457920603116
2023-01-18,-0.015914004794563397,-0.010681675037968507,-0.015447969677985774,-0.112935275,-0.0267133470603116
2023-01-19,-0.007306320657099796,-0.013613531320750012,-0.015599253272606091,-0.13145167,-0.04522974206031159
2023-01-20,0.01845751735041201,-0.011929832022280047,-0.015748106531787365,-0.11765365,-0.0314317220603116
2023-01-23,0.011927238974187127,-0.013557511314903292,-0.01589460408079035,-0.13339134,-0.0471694120603116
2023-01-24,-0.0010738745787675086,-0.014150437705955936,-0.016038816716926613,-0.12601636,-0.039794432060311594
2023-01-25,0.0003747494025541087,-0.011691137060542056,-0.016180811684719586,-0.1351945,-0.048972572060311595
2023-01-26,0.010930476058112149,-0.0142444170835482,-0.016320652925965132,-0.13463752,-0.04841559206031161
2023-01-27,0.0022950129028593835,-0.012927832304599937,-0.016458401307434544,-0.12322062,-0.0369986920603116
2023-01-30,-0.012626434031003164,-0.012355034793958705,-0.016594114828674535,-0.12595944,-0.039737512060311606
2023-01-31,0.014596449140271694,-0.012153258021047395,-0.016727848811851038,-0.12645832,-0.04023639206031161
2023-02-01,0.010571825779940092,-0.011019591591231389,-0.016859656075728105,-0.11898382,-0.032761892060311604
2023-02-02,0.014451886616306808,-0.01729175916370354,-0.016989587095173495,-0.13837858,-0.0521566520603116
2023-02-03,-0.010685944018394622,-0.013905448012542378,-0.017117690147755826,-0.1301383,-0.04391637206031161
2023-02-06,-0.006130133292946205,-0.014568182010050681,-0.01724401144862948,-0.1343255,-0.048103572060311586
2023-02-07,0.012993914376809634,-0.011880581171922797,-0.017368595274885316,-0.13486162,-0.04863969206031159
2023-02-08,-0.01099486152959539,-0.01581997660042723,-0.01749148408035472,-0.13435371,-0.04813178206031159
2023-02-09,-0.008707235366806287,-0.012020039446492947,-0.01761271860166877,-0.12621886,-0.03999693206031159
2023-02-10,0.002331193764138817,-0.013769017508340357,-0.01880523623722175,-0.1408075,-0.0545855720603116
2023-02-13,0.011670572488042374,-0.010557595986883444,-0.01891811495513831,-0.1388464,-0.05262447206031161
2023-02-14,-0.0004603371525071509,-0.010745789921677143,-0.019029705605822813,-0.12592952,-0.03970759206031159
2023-02-15,0.0032421668116935365,-0.013427233857429917,-0.019140034118418667,-0.13527462,-0.04905269206031161
2023-02-16,-0.0138644792358944,-0.010779831676204664,-0.01924912555719706,-0.13316478,-0.04694285206031161
2023-02-17,-0.0025014118457695744,-0.01184678641652053,-0.019357004162516244,-0.13198693,-0.0457650020603116
2023-02-21,-0.02026486658962856,-0.010602793610105594,-0.01946369338925542,-0.13146578,-0.045243852060311604
2023-02-22,-0.001379111651009346,-0.011501761036980866,-0.019569215942990333,-0.13558224,-0.04936031206031159
2023-02-23,0.0053053698866731835,-0.01093470054509814,-0.019673593813972476,-0.10758467,-0.021362742060311593
2023-02-24,-0.010739851427778113,-0.012972619402014267,-0.01977684830920373,-0.11662814,-0.030406212060311605
2023-02-27,0.003400020280641236,-0.01087581427483379,-0.019879000082621,-0.12477344,-0.0385515120603116
2023-02-28,-0.003702923112358647,-0.01150803669393948,-0.01998006916354795,-0.12402071,-0.037798782060311606
2023-03-01,-0.003843265796670714,-0.010261943972615102,-0.02008007498361337,-0.11057438,-0.0243524520603116
2023-03-02,0.007747202843670031,-0.010407824021686178,-0.020179036402134937,-0.11105442,-0.0248324920603116
2023-03-03,0.015910514289990907,-0.011133426441250706,-0.02027697173014339,-0.10533406,-0.019112132060311593
2023-03-06,0.0006927196830881499,-0.010492094488852504,-0.020373898753064855,-0.09695317,-0.010731242060311605
2023-03-07,-0.0154475334511881,-0.009783810993361425,-0.020469834752273427,-0.1038667,-0.017644772060311606
2023-03-08,0.0016308381070349043,-0.011017973311558899,-0.020564796525411932,-0.1001778,-0.013955872060311597
2023-03-09,-0.01862218070706234,-0.009707184133840021,-0.02065880040573989,-0.105991095,-0.019769167060311593
2023-03-10,-0.014534608116033354,-0.014714972953369217,-0.020751862280461948,-0.11442159,-0.028199662060311603
2023-03-13,-0.0014264099899632399,-0.015371066491300447,-0.02634146536345391,-0.13345157,-0.04722964206031159
2023-03-14,0.01639504447380613,-0.017843408697563314,-0.026380820803417585,-0.13635147,-0.0501295420603116
2023-03-15,-0.006273985211237232,-0.016029321450919204,-0.02641988966216056,-0.12922119,-0.04299926206031161
2023-03-16,0.017393125414908006,-0.015113664821487946,-0.026458674530580824,-0.13277352,-0.046551592060311606
2023-03-17,-0.011761582285876315,-0.015843099230357573,-0.026497177967565528,-0.13227092,-0.046048992060311586
2023-03-20,0.009569602299825064,-0.014594959720228161,-0.026535402500533246,-0.11761235,-0.031390422060311604
2023-03-21,0.013045066960668983,-0.011605857793904089,-0.026573350625974292,-0.13823508,-0.05201315206031161
2023-03-22,-0.017193407109433068,-0.011460617023127378,-0.02661102480998924,-0.124876514,-0.038654586060311594
2023-03-23,0.0026997294605157762,-0.01637433823111283,-0.026648427488780303,-0.1335354,-0.0473134720603116
2023-03-24,0.006540546835576144,-0.017357559971675946,-0.02668556106917222,-0.13541043,-0.0491885020603116
2023-03-27,0.0018681825334692093,-0.015039872957400767,-0.026722427929096737,-0.13649933,-0.0502774020603116
2023-03-28,-0.0022472778703130913,-0.012385268389673387,-0.02675903041808176,-0.1229559,-0.03673397206031161
2023-03-29,0.014430204243541134,-0.012012840255872402,-0.026795370857699775,-0.13847616,-0.05225423206031159
2023-03-30,0.005838262971849417,-0.010900284960355324,-0.026831451542067,-0.13904157,-0.0528196420603116
2023-03-31,0.013996237375281773,-0.009400778807447767,-0.026867274738251824,-0.11819011,-0.0319681820603116
2023-04-03,0.003803345144265613,-0.009153832570724356,-0.026902842686739536,-0.13055262,-0.04433069206031161
2023-04-04,-0.005563513547716781,-0.008129175481198295,-0.026938157601867494,-0.12559655,-0.0393746220603116
2023-04-05,-0.0026218886466367053,-0.009951333853112329,-0.026973221672226266,-0.12337902,-0.037157092060311606
2023-04-06,0.003893410729709501,-0.008991221946204815,-0.027008037061087224,-0.13123488,-0.0450129520603116
2023-04-10,0.0010258048599105507,-0.009421835052231825,-0.027042605906806485,-0.12952274,-0.0433008120603116
2023-04-11,0.0002685862320905841,-0.008800866088262159,-0.010889891128952655,-0.09641968,-0.010197752060311593
2023-04-12,-0.0040843208255134655,-0.00819725798178357,-0.011129064552839608,-0.09996672,-0.013744792060311595
2023-04-13,0.013195269348718064,-0.009091995285219073,-0.011361619450040295,-0.10926297,-0.0230410420603116
2023-04-14,-0.0024456289863747926,-0.010262141217582087,-0.011587964938877255,-0.1076501,-0.0214281720603116
2023-04-17,0.003581693277869391,-0.011052755292698533,-0.011808468458336953,-0.10268195,-0.016460022060311594
2023-04-18,0.0006520494716291125,-0.008802358379795752,-0.012023461539514,-0.09980403,-0.013582102060311602
2023-04-19,-0.000169009041779411,-0.008935093261873443,-0.012233244585432795,-0.09853315,-0.0123112220603116
2023-04-20,-0.005472059141673924,-0.008421414811150654,-0.012438090860113526,-0.09451721,-0.008295282060311604
2023-04-21,0.0007766924292109678,-0.009190346874075639,-0.012638249841333734,-0.099073336,-0.012851408060311598
2023-04-24,0.00104262900769303,-0.007761916436321111,-0.012833950057078101,-0.09882999,-0.012608062060311606
2023-04-25,-0.016001198086587287,-0.007441028398634841,-0.013025401499791358,-0.09668835,-0.010466422060311606
2023-04-26,-0.004244650833681085,-0.008115963609079496,-0.013212797692907511,-0.098231144,-0.012009216060311606
2023-04-27,0.019712470385382375,-0.008441336612750011,-0.013396317469072098,-0.10172504,-0.015503112060311602
2023-04-28,0.008499045976325448,-0.00854448291661,-0.013576126507826134,-0.10252543,-0.0163035020603116
2023-05-01,-0.0010102856186744447,-0.007311706095675452,-0.013752378671431427,-0.09663761,-0.010415682060311598
2023-05-02,-0.011302802664341804,-0.00736703349582979,-0.01392521717036787,-0.09873007,-0.012508142060311603
2023-05-03,-0.006887660844112631,-0.011009084608362751,-0.01409477558436758,-0.105996564,-0.0197746360603116
2023-05-04,-0.007108197353013601,-0.011042015848190477,-0.014261178760328907,-0.09267683,-0.006454902060311601
2023-05-05,0.01834327903870303,-0.00934646635065239,-0.014424543604820253,-0.13184097,-0.0456190420603116
2023-05-08,0.0002666207150987532,-0.010135146457947265,-0.014584979785946488,-0.10301922,-0.016797292060311594
2023-05-09,-0.004395080835524645,-0.008086336920830241,-0.015285376962472305,-0.09969261,-0.0134706820603116
2023-05-10,0.004661401976971291,-0.006659459827604663,-0.01543948416344476,-0.10845283,-0.0222309020603116
2023-05-11,-0.0017454804040299976,-0.010587399936508401,-0.015591122206273947,-0.13680899,-0.05058706206031159
2023-05-12,-0.0013111126138767304,-0.008056179754141113,-0.015740368291624923,-0.10875113,-0.0225292020603116
2023-05-15,0.0034442164282681986,-0.009726268801718722,-0.01588729557920427,-0.12957998,-0.04335805206031161
2023-05-16,-0.006705162997334035,-0.008905868205676109,-0.01603197348365134,-0.12402944,-0.037807512060311604
2023-05-17,0.01206588831867439,-0.007902491060312202,-0.01617446794296134,-0.100366294,-0.014144366060311594
2023-05-18,0.009587168560800663,-0.009786107580969892,-0.016314841662502286,-0.12191178,-0.0356898520603116
2023-05-19,-0.0014563191904084505,-0.008873933798989306,-0.01645315433728409,-0.106095955,-0.019874027060311605
2023-05-22,0.0004060849713676262,-0.008499982907721729,-0.016589462854859474,-0.10413557,-0.017913642060311596
2023-05-23,-0.011286301400539323,-0.008428842971089529,-0.01672382148073417,-0.11051841,-0.024296482060311597
2023-05-24,-0.007270949505783442,-0.009851819483454188,-0.016856282028377266,-0.13416626,-0.04794433206031161
2023-05-25,0.008622461712235463,-0.008213623387583104,-0.01698689401503447,-0.10265939,-0.016437462060311603
2023-05-26,0.012867563922488223,-0.009208605140933699,-0.01711570480504117,-0.09888311,-0.012661182060311596
2023-05-30,0.00038078315810174956,-0.009226992395907718,-0.017242759741739794,-0.10031727,-0.0140953420603116
2023-05-31,-0.005560545356571467,-0.009121216431935893,-0.01736810226902242,-0.09223974,-0.0060178120603116
2023-06-01,0.009456074232222278,-0.008471760609829277,-0.017491774043649523,-0.105287954,-0.019066026060311603
2023-06-02,0.014357661773885866,-0.010692612853313934,-0.01761381503902586,-0.10013893,-0.0139170020603116
2023-06-05,-0.0019181392381923956,-0.00948040636321452,-0.017734263641314103,-0.09881327,-0.012591342060311594
2023-06-06,0.002175161086758415,-0.008744955351138414,-0.017853156738535082,-0.10286386,-0.0166419320603116
2023-06-07,-0.003463733047897044,-0.00781286227330228,-0.010647403885721938,-0.09620013,-0.009978202060311595
2023-06-08,0.0060302514655203865,-0.008556700943451557,-0.010900030923254271,-0.09827129,-0.012049362060311597
2023-06-09,0.0017928491460272866,-0.008081371361801998,-0.011145250468561338,-0.11048208,-0.024260152060311596
2023-06-12,0.009030886769205715,-0.007995219424039373,-0.011383552604699013,-0.095117226,-0.008895298060311599
2023-06-13,0.00657127023568993,-0.007485175213629156,-0.011615374156515328,-0.10261218,-0.016390252060311597
2023-06-14,0.0011901378030456655,-0.007216440118547973,-0.011841106531396528,-0.09904059,-0.012818662060311597
2023-06-15,0.012321441199670602,-0.01000110691682294,-0.012061102131469758,-0.10361861,-0.0173966820603116
2023-06-16,-0.0034119685606750494,-0.010416641860613864,-0.012275679643412732,-0.10648449,-0.0202625620603116
2023-06-20,-0.005201760045569159,-0.0091046763856634,-0.012485128437330444,-0.10132199,-0.0151000620603116
2023-06-21,-0.005136970039756328,-0.009077987830781648,-0.01268971225174368,-0.093672626,-0.007450698060311595
2023-06-22,0.003603341915437319,-0.008208206869178548,-0.012889672301572102,-0.103533775,-0.017311847060311594
2023-06-23,-0.007588913982955248,-0.007246393714853416,-0.013085229915995639,-0.102456436,-0.016234508060311598
2023-06-26,-0.004093957538876758,-0.007262761821472872,-0.01327658879042177,-0.093992434,-0.007770506060311599
2023-06-27,0.010903610074731951,-0.007770262650765236,-0.013463936919499063,-0.09747051,-0.011248582060311596
2023-06-28,0.0005042593214756863,-0.00810995394442618,-0.013647448264801312,-0.11546156,-0.029239632060311604
2023-06-29,0.003933630772184671,-0.007500311628183814,-0.013827284200457798,-0.09489187,-0.008669942060311603
2023-06-30,0.011731653467752956,-0.006689683151583492,-0.014003594771895757,-0.09872788,-0.012505952060311604
2023-07-03,0.0011498246332859452,-0.007383914632365414,-0.014176519796457097,-0.10422675,-0.018004822060311607
2023-07-05,-0.0014882850657000901,-0.0054630432589011565,-0.014346189829557071,-0.105260864,-0.019038936060311595
2023-07-06,-0.007861482022284427,-0.0055673328045580716,-0.014512727015972582,-0.097876556,-0.011654628060311603
2023-07-07,-0.00252776605292393,-0.0067839313425651524,-0.01171760252886786,-0.10022192,-0.013999992060311606
2023-07-10,0.00252776605292393,-0.008275324060425509,-0.011937034472294841,-0.10265835,-0.016436422060311595
2023-07-11,0.006348320249886186,-0.006182702062657096,-0.012150815653102392,-0.09559079,-0.009368862060311595
2023-07-12,0.008013755694379121,-0.007501949409170026,-0.012359252439427119,-0.10122948,-0.015007552060311596
2023-07-13,0.007905584373164132,-0.007141093076900091,-0.012562623675416922,-0.08611148,0.00011044793968839617
2023-07-14,-0.0006230139541019142,-0.007020702199863118,-0.012761184070207762,-0.10646798,-0.020246052060311603
2023-07-17,0.0034662246256544904,-0.006738859743435009,-0.012955167066330441,-0.09700303,-0.010781102060311604
2023-07-18,0.0074030506957685205,-0.006605188007968063,-0.013144787282231838,-0.10054377,-0.014321842060311604
2023-07-19,0.00222129631346224,-0.007461203847230842,-0.013330242603873523,-0.107957914,-0.021735986060311602
2023-07-20,-0.00665671316621097,-0.006362857624035779,-0.013511715985244647,-0.09371377,-0.0074918420603116015
2023-07-21,0.0,-0.007177664799806767,-0.01368937700591783,-0.101827115,-0.015605187060311596
2023-07-24,0.004457421111712101,-0.005148629801682761,-0.01386338322463642,-0.11003275,-0.0238108220603116
2023-07-25,0.002726364676526316,-0.006557313885853402,-0.01403388136072864,-0.109375596,-0.023153668060311605
2023-07-26,0.0001538032957935087,-0.006270354516697783,-0.014201008329441085,-0.1081069,-0.021884972060311605
2023-07-27,-0.0066522364484828955,-0.00720551291148551,-0.014364892152730607,-0.11057672,-0.024354792060311603
2023-07-28,0.009742818491753624,-0.008989990069209036,-0.014525652763393645,-0.0860331,0.00018882793968839906
2023-07-31,0.0019021716571474556,-0.009560987502287874,-0.014683402717451926,-0.08796409,-0.0017421620603115945
2023-08-01,-0.0028656660005728085,-0.007085483755222515,-0.014838247827305289,-0.09528051,-0.009058582060311599
2023-08-02,-0.014008383799952284,-0.006646306754816813,-0.01499028772619219,-0.09491351,-0.008691582060311606
2023-08-03,-0.0028700380434720785,-0.007996620332630513,-0.015139616372877984,-0.103673965,-0.017452037060311607
2023-08-04,-0.004532928806469272,-0.007833967016485309,-0.015237980687291248,-0.10186432,-0.015642392060311594
2023-08-07,0.008690536363529233,-0.009560883280871834,-0.015375337694006766,-0.10075055,-0.014528622060311594
2023-08-08,-0.00435816835308156,-0.007179441120678992,-0.015510252785766426,-0.10274948,-0.016527552060311604
2023-08-09,-0.006707661953945454,-0.01008153037966089,-0.015642800134260667,-0.09433187,-0.008109942060311598
2023-08-10,0.0003589550034899247,-0.00850946492998952,-0.015773050230553618,-0.09456322,-0.008341292060311603
2023-08-11,-0.000583332178524465,-0.011649563056021014,-0.015901070142854395,-0.108705565,-0.022483637060311604
2023-08-14,0.0055049629825028035,-0.008763492556726541,-0.01602692375127498,-0.1185101,-0.03228817206031159
2023-08-15,-0.01171743003578296,-0.00795317890436456,-0.0161506719620479,-0.09255885,-0.006336922060311598
2023-08-16,-0.00736522851390653,-0.00857830382241038,-0.016272372903368314,-0.09621929,-0.009997362060311599
2023-08-17,-0.007648996382786599,-0.009360003040392011,-0.016392082104759936,-0.10375877,-0.0175368420603116
2023-08-18,0.0004812246560144118,-0.008554129598392957,-0.01650985266163075,-0.092558704,-0.006336776060311605
2023-08-21,0.006485200105550426,-0.008659648222082051,-0.016625735386523618,-0.09809748,-0.0118755520603116
2023-08-22,-0.0027123592924853668,-0.00970655953151507,-0.016739778948292556,-0.10677782,-0.020555892060311595
2023-08-23,0.011076173991526161,-0.007927311676354668,-0.016852030000430094,-0.099278286,-0.013056358060311593
2023-08-24,-0.013955956529505542,-0.008450093115362673,-0.016962533299588314,-0.1071711,-0.020949172060311605
2023-08-25,0.007025040111911629,-0.00992259288758109,-0.017071331815079926,-0.09302217,-0.006800242060311601
2023-08-28,0.006321360202955262,-0.01147818790913802,-0.01717846683033923,-0.09712678,-0.010904852060311596
2023-08-29,0.014351240833752499,-0.009271538016687631,-0.017283978036934163,-0.10854417,-0.022322242060311595
2023-08-30,0.0041104030527812085,-0.009882073251936066,-0.017387903621908077,-0.10756469,-0.021342762060311604
2023-08-31,-0.001464442388934728,-0.00852334081936765,-0.017490280348847444,-0.11035882,-0.024136892060311596
2023-09-01,0.001863444908777545,-0.00806539000292487,-0.012598079021928759,-0.1119359,-0.025713972060311605
2023-09-05,-0.00433127453913329,-0.00850337799588328,-0.012782214978715711,-0.10125034,-0.015028412060311594
2023-09-06,-0.006745185410638399,-0.00603794262382003,-0.012961951254364966,-0.10616116,-0.019939232060311604
2023-09-07,-0.0030747986010748463,-0.008703986589908902,-0.013137485859405522,-0.10826866,-0.022046732060311602
2023-09-08,0.0015048271059088236,-0.007194784393835098,-0.013309002080282437,-0.09971678,-0.013494852060311605
2023-09-11,0.006555122662165402,-0.00730684010019524,-0.013476669999909766,-0.10632528,-0.020103352060311594
2023-09-12,-0.0055007080418087995,-0.00685160768875097,-0.013640647820664238,-0.10908352,-0.022861592060311603
2023-09-13,0.0011653655066492519,-0.007593584978339487,-0.013801083020402236,-0.09947376,-0.013251832060311594
2023-09-14,0.008585328723850871,-0.006882263561377342,-0.01395811336663247,-0.10392396,-0.017702032060311595
2023-09-15,-0.012121418221438418,-0.00746003896474659,-0.014111867809618454,-0.1039079,-0.017685972060311597
2023-09-18,0.0005861708000027832,-0.00757728311441476,-0.014262467271676666,-0.10022151,-0.0139995820603116
2023-09-19,-0.0020758451116922316,-0.00692029605859085,-0.014410025347095134,-0.09739082,-0.011168892060311603
2023-09-20,-0.009235878411361753,-0.007796898238350604,-0.014554648924782537,-0.09685287,-0.010630942060311593
2023-09-21,-0.016666411321933694,-0.008279071872828425,-0.01469643874386208,-0.096059956,-0.009838028060311602
2023-09-22,-0.002251142850382415,-0.007582512937146536,-0.01483548989086315,-0.111011356,-0.024789428060311605
2023-09-25,0.004196294597537786,-0.008403472789935551,-0.014971892245872032,-0.10285425,-0.016632322060311594
2023-09-26,-0.014800092357054595,-0.00726376172752246,-0.015105730883928754,-0.09711359,-0.0108916620603116
2023-09-27,0.00039892717484324436,-0.00864698225281172,-0.01523708643706019,-0.10042514,-0.014203212060311596
2023-09-28,0.005780656024120034,-0.009929214218425266,-0.015366035421587222,-0.11251418,-0.026292252060311605
2023-09-29,-0.0024296697171726223,-0.009896728667208685,-0.01549265053471011,-0.09744368,-0.011221752060311604
2023-10-02,-0.0003978115305312002,-0.010088739724847133,-0.01682192265725378,-0.09455917,-0.008337242060311598
2023-10-03,-0.013476507413210825,-0.009964521819634973,-0.016918059203844323,-0.117162794,-0.0309408660603116
2023-10-04,0.007255626793774894,-0.012250846746647715,-0.017012645411715672,-0.09262294,-0.0064010120603116005
2023-10-05,-0.00037691919669313734,-0.01067010061464821,-0.017105717581273203,-0.0936543,-0.007432372060311596
2023-10-06,0.01180276456143936,-0.010595673323913897,-0.017197310709519555,-0.09524093,-0.009019002060311601
2023-10-09,0.00638184103113737,-0.014039066369225452,-0.017287458556639945,-0.095412694,-0.009190766060311606
2023-10-10,0.005191427422871264,-0.011398200258456555,-0.017376193708141214,-0.10713099,-0.020909062060311595
2023-10-11,0.004087974455934784,-0.011347126946491884,-0.017463547633007438,-0.092150725,-0.0059287970603116025
2023-10-12,-0.0061152081648492285,-0.01027791567773115,-0.017549550738089215,-0.09634084,-0.010118912060311597
2023-10-13,-0.004993378220338407,-0.012151553647080404,-0.01763423241907934,-0.10126233,-0.015040402060311597
2023-10-16,0.01046662714569635,-0.011854921612137784,-0.017717621108276606,-0.08859577,-0.002373842060311604
2023-10-17,-4.596717844052023e-05,-0.009541164831380056,-0.017799744319523247,-0.10548325,-0.0192613220603116
2023-10-18,-0.01341463523796893,-0.011276488272463747,-0.01788062869029669,-0.10297029,-0.016748362060311606
2023-10-19,-0.008825215433503786,-0.011646877032707273,-0.017960300021385225,-0.100973636,-0.014751708060311605
2023-10-20,-0.012364221262988195,-0.012463008498107905,-0.018038783314214355,-0.10765287,-0.021430942060311597
2023-10-23,-0.0017347145512260909,-0.010310944459138627,-0.01811610280598366,-0.10857272,-0.022350792060311597
2023-10-24,0.007511131654085013,-0.013424451822414986,-0.018192282002812307,-0.11667408,-0.0304521520603116
2023-10-25,-0.014456238636495478,-0.011367310572313402,-0.018267343711017892,-0.09814681,-0.0119248820603116
2023-10-26,-0.012046879844760383,-0.010311237732008809,-0.018341310066649717,-0.1243892,-0.038167272060311605
2023-10-27,-0.004543011641145789,-0.011513578234424709,-0.018414202563416925,-0.11791527,-0.0316933420603116
2023-10-30,0.011884926241726212,-0.011547737618599854,-0.02082318535011544,-0.10338184,-0.017159912060311602
2023-10-31,0.0062605918229801105,-0.010708065318029602,-0.020858134742191992,-0.10092413,-0.0147022020603116
2023-11-01,0.010608259414643939,-0.010561491154727912,-0.02089264257849556,-0.108199045,-0.021977117060311593
2023-11-02,0.01898299662846359,-0.01048431876375398,-0.020926715246313704,-0.12140645,-0.0351845220603116
2023-11-03,0.009081977101903504,-0.008600977087821869,-0.020960359017908776,-0.09711562,-0.0108936920603116
2023-11-06,0.0022978465092071687,-0.00890724367669014,-0.020993580053257882,-0.091077104,-0.004855176060311606
2023-11-07,0.0028419847207192817,-0.008057891876024691,-0.021026384402720096,-0.09476022,-0.008538292060311606
2023-11-08,0.0007322627853385555,-0.00805215777687521,-0.021058778009550416,-0.09372427,-0.007502342060311598
2023-11-09,-0.007829326482325705,-0.008129024226120335,-0.021090766712437592,-0.09993829,-0.013716362060311599
2023-11-10,0.01548418438820498,-0.008130028970477562,-0.021122356247888153,-0.09414212,-0.007920192060311596
2023-11-13,-0.0009536056576759933,-0.010808323166559808,-0.021153552252556378,-0.09411974,-0.007897812060311593
2023-11-14,0.019214994042881628,-0.00856662811614208,-0.021184360265535256,-0.10109128,-0.014869352060311605
2023-11-15,0.002114745936936835,-0.009015242351462689,-0.021214785730553402,-0.10044168,-0.014219752060311605
2023-11-16,0.0012224097270072676,-0.008176705931491805,-0.021244833998086902,-0.09589825,-0.009676322060311604
2023-11-17,0.0012431485597170777,-0.007743494329169376,-0.021274510327464965,-0.09484383,-0.008621902060311604
2023-11-20,0.007668145673143556,-0.006664161968448284,-0.02130381988886306,-0.099144615,-0.012922687060311605
2023-11-21,-0.002181835359572837,-0.00764733456737759,-0.02133276776528129,-0.106065944,-0.019844016060311595
2023-11-22,0.0038533796401898357,-0.006499126108146051,-0.02136135895440828,-0.10158775,-0.015365822060311604
2023-11-24,0.0006151898161546043,-0.0066376061875557954,-0.021389598370505896,-0.107902184,-0.021680256060311598
2023-11-27,-0.0018026039169019015,-0.004396279821433551,-0.02141749084618961,-0.09675593,-0.010534002060311604
2023-11-28,0.0009895867630200783,-0.005233531303983102,-0.008448455581337638,-0.09804962,-0.011827692060311604
2023-11-29,-0.0007036574273771024,-0.006157155756509702,-0.008763391699551022,-0.10458739,-0.018365462060311602
2023-11-30,0.003929741619685068,-0.006996114476046246,-0.009064018875688865,-0.089085594,-0.0028636660603116038
2023-12-01,0.005898449403582973,-0.0070829486567989194,-0.009351754145911656,-0.09936933,-0.013147402060311605
2023-12-04,-0.005263243429054931,-0.007473296463245657,-0.009627788954196794,-0.09682794,-0.010606012060311601
2023-12-05,-0.0001971038592278873,-0.008852822182729102,-0.009893136907206217,-0.105107486,-0.0188855580603116
2023-12-06,-0.00403785256059308,-0.007217350182689961,-0.010148669232299908,-0.110629514,-0.024407586060311598
2023-12-07,0.00760132129432467,-0.007423385384063387,-0.010395141605031424,-0.09860845,-0.0123865220603116
2023-12-08,0.004289928505483154,-0.00687944415704146,-0.010633214785863933,-0.10883266,-0.022610732060311597
2023-12-11,0.003882100112759801,-0.006966466855577356,-0.010863470729862318,-0.10540773,-0.019185802060311605
2023-12-12,0.004556904212082991,-0.005648159222180091,-0.01108642532880704,-0.101158544,-0.014936616060311603
2023-12-13,0.013695875347633724,-0.0066059139803266225,-0.01130253860950055,-0.10223885,-0.016016922060311606
2023-12-14,0.0032042890443220173,-0.007497357986685163,-0.011512222983787101,-0.09662291,-0.010400982060311606
2023-12-15,-0.0016480308223805196,-0.008191309016377648,-0.011715849987594933,-0.09613228,-0.0099103520603116
2023-12-18,0.005609361425962689,-0.007525096396279288,-0.011913755834725436,-0.092990816,-0.006768888060311604
2023-12-19,0.006062497131680722,-0.0074115301596317145,-0.012106246031164012,-0.100512385,-0.014290457060311595
2023-12-20,-0.013954230812182722,-0.005738210321854043,-0.012293599237572948,-0.10437952,-0.018157592060311603
2023-12-21,0.009437283460028034,-0.00993833607705376,-0.0124760705248231,-0.09353531,-0.007313382060311596
2023-12-22,0.0020076589786919286,-0.008543524306386302,-0.012653894135509504,-0.098292746,-0.0120708180603116
2023-12-26,0.00421358649302217,-0.008418040152545029,-0.012827285840336594,-0.09384845,-0.0076265220603116
2023-12-27,0.001806461146688143,-0.0070859243140529524,-0.012208973936284093,-0.104558036,-0.018336108060311593
2023-12-28,0.00037774304527715685,-0.006305607694435605,-0.012391362578057069,-0.10005833,-0.0138364020603116
2023-12-29,-0.0028992252018920084,-0.005284422701422248,-0.012568807519030462,-0.09511701,-0.008895082060311602
2024-01-02,-0.005612002460049226,-0.007202359220877301,-0.012741544491175727,-0.10264337,-0.016421442060311597
2024-01-03,-0.00820024736114533,-0.006796544677100839,-0.012909790911994415,-0.096321,-0.010099072060311604
2024-01-04,-0.0032262608974313878,-0.006522968767551417,-0.013073747865516728,-0.09507379,-0.008851862060311605
2024-01-05,0.0013686269428054842,-0.007727567995157421,-0.01323360181348458,-0.09381342,-0.007591492060311594
2024-01-08,0.014175020167067842,-0.008207502404888656,-0.013389526080482501,-0.09260662,-0.0063846920603116
2024-01-09,-0.001518163785178217,-0.007869084881414332,-0.013541682148615473,-0.10238372,-0.016161792060311597
2024-01-10,0.00563943073936457,-0.007583508958999755,-0.013690220790878891,-0.099977225,-0.013755297060311603
2024-01-11,-0.00044070382411476317,-0.007431681578787426,-0.013835283067226969,-0.10765691,-0.021434982060311594
2024-01-12,0.000692521955607539,-0.009759501424714575,-0.013977001203225944,-0.09631555,-0.0100936220603116
2024-01-16,-0.003678075920152679,-0.008039722543014572,-0.014115499367854568,-0.10109001,-0.014868082060311594
2024-01-17,-0.005574106416987412,-0.008312808871058747,-0.014250894364316037,-0.1008922,-0.014670272060311601
2024-01-18,0.008853419254211126,-0.007772967076517996,-0.014383296245522849,-0.08847771,-0.0022557820603116008
2024-01-19,0.012389117404189243,-0.008800330728457258,-0.01451280886410799,-0.09855935,-0.012337422060311604
2024-01-22,0.002112186252737125,-0.008817141014569253,-0.014639530365324267,-0.09694914,-0.010727212060311603
2024-01-23,0.0029121734542236766,-0.007104434430606782,-0.014763553629956745,-0.104894385,-0.018672457060311606
2024-01-24,0.0010925487742348139,-0.0066535213519906536,-0.01488496667334352,-0.099190325,-0.012968397060311596
2024-01-25,0.005424203950125772,-0.007554815775550815,-0.015003853005738057,-0.094600216,-0.0083782880603116
2024-01-26,-0.0012712372091545632,-0.007041046211200407,-0.008312716006619585,-0.11270113,-0.026479202060311596
2024-01-29,0.007888214770552793,-0.006366433600566973,-0.008635038676825241,-0.09995486,-0.013732932060311606
2024-01-30,-0.0007737326399057665,-0.0066875219809550334,-0.008941631051183466,-0.0983288,-0.012106872060311594
2024-01-31,-0.01645197563445855,-0.005366722902470316,-0.00923411405694063,-0.097804435,-0.011582507060311595
2024-02-01,0.013003303398038568,-0.007238215850954892,-0.009513840731949615,-0.09135572,-0.005133792060311601
2024-02-02,0.010472264525773767,-0.007408873834970127,-0.009781955049507924,-0.091254145,-0.0050322170603115945
2024-02-05,-0.0036478153896828402,-0.008965558696813404,-0.010039435055913095,-0.09077121,-0.004549282060311605
2024-02-06,0.002899110856053433,-0.008409307960639403,-0.010287125156328276,-0.09915365,-0.012931722060311596
2024-02-07,0.008305775661478165,-0.0070141001596804725,-0.010525760714708149,-0.10636002,-0.0201380920603116
2024-02-08,0.0004416186029896352,-0.007314205930399979,-0.01075598709593119,-0.10601796,-0.019796032060311594
2024-02-09,0.005762883873247304,-0.005760995419907874,-0.010978374614520685,-0.107068375,-0.020846447060311593
2024-02-12,-0.00043908036825435204,-0.006162074569525301,-0.011193430418681776,-0.10219763,-0.015975702060311597
2024-02-13,-0.01386878650684853,-0.006573118225747855,-0.011401608045838025,-0.10854088,-0.022318952060311606
2024-02-14,0.009046591374891833,-0.009343208206291434,-0.011603315185346387,-0.10383426,-0.017612332060311597
2024-02-15,0.0068760723210390395,-0.008590358769768259,-0.011798920044089906,-0.09982448,-0.013602552060311593
2024-02-16,-0.004992407708503954,-0.007141075884784792,-0.011988756611276349,-0.10600765,-0.019785722060311595
2024-02-20,-0.005520640122875342,-0.008249999088922785,-0.012173129047146842,-0.1012797,-0.0150577720603116
2024-02-21,0.0009054349233519332,-0.008491588905183124,-0.01235231536795076,-0.09603653,-0.009814602060311595
2024-02-22,0.02048420480529245,-0.007672529717542335,-0.01252657056079232,-0.093189895,-0.0069679670603115945
2024-02-23,0.0006893984261440167,-0.008345133039558791,-0.01269612923292947,-0.097069465,-0.010847537060311593
2024-02-26,-0.003669268117738156,-0.007177160207991269,-0.01227024096915727,-0.106189534,-0.019967606060311602
2024-02-27,0.0018561291108580846,-0.006369013735535384,-0.012448942205206842,-0.10347374,-0.017251812060311594
2024-02-28,-0.0013225681941273493,-0.006477249028022899,-0.012622694169721812,-0.1071454,-0.0209234720603116
2024-02-29,0.0035884940499260054,-0.005609346684724787,-0.012791731581634267,-0.10166255,-0.015440622060311604
2024-03-01,0.009344402195555546,-0.007501082859261328,-0.012956271137731692,-0.10357727,-0.0173553420603116
2024-03-04,-0.00107286286849817,-0.006954731886281844,-0.013116513442587996,-0.10730347,-0.021081542060311598
2024-03-05,-0.010044435653646211,-0.006103929755761558,-0.013272644677907014,-0.091385156,-0.005163228060311595
2024-03-06,0.005054409620196765,-0.00858126342554766,-0.013424838053207502,-0.09999744,-0.013775512060311607
2024-03-07,0.009877485259169205,-0.007797471801024491,-0.013573255072015811,-0.10674383,-0.020521902060311598
2024-03-08,-0.0060202912681690535,-0.009457260372640558,-0.013718046641584204,-0.0908434,-0.004621472060311604
2024-03-11,-0.0008602278137113117,-0.010237358909636781,-0.01385935404924816,-0.1015099,-0.0152879720603116
2024-03-12,0.01069993371602429,-0.008493995427907299,-0.013997309824597435,-0.08890427,-0.0026823420603115933
2024-03-13,-0.001568608409269423,-0.010316777817093996,-0.014132038503452626,-0.09879504,-0.0125731120603116
2024-03-14,-0.0019789298693284607,-0.007971142509730477,-0.014263657307051385,-0.09053854,-0.0043166120603116
2024-03-15,-0.006890254856517508,-0.009659714694670762,-0.014392276747732777,-0.09518165,-0.008959722060311606
2024-03-18,0.0059256112506647085,-0.008250736314639151,-0.014518001170669483,-0.096393876,-0.010171948060311603
2024-03-19,0.005541789552756526,-0.00761946081346227,-0.014640929239760927,-0.09046702,-0.004245092060311595
2024-03-20,0.009206745808616468,-0.007929405048945497,-0.014761154374608135,-0.10003498,-0.013813052060311595
2024-03-21,0.0032992767304111936,-0.007996652637441287,-0.01487876514449661,-0.10255121,-0.016329282060311603
2024-03-22,-0.0018977313018675446,-0.006124729665309144,-0.01499384562448085,-0.10448523,-0.018263302060311598
2024-03-25,-0.002766412633830484,-0.005338251652340577,-0.009373780526842712,-0.10909626,-0.0228743320603116
2024-03-26,-0.0018488346815956902,-0.0050303478113949114,-0.00964708064472599,-0.10939841,-0.0231764820603116
2024-03-27,0.008368722667744244,-0.00570684997689605,-0.009908984656271217,-0.10895319,-0.022731262060311605
2024-03-28,-0.000191155905406859,-0.006393604959573823,-0.010160429405288354,-0.10826634,-0.022044412060311602
2024-04-01,-0.0017414018553916222,-0.0051946831455341475,-0.010402226836664518,-0.11021899,-0.023997062060311602
2024-04-02,-0.006378271708528338,-0.006412470552383282,-0.01063508649574473,-0.1066259,-0.020403972060311595
2024-04-03,0.00109778281310291,-0.006083634239225791,-0.010859633044455249,-0.104686305,-0.018464377060311593
2024-04-04,-0.012281050568518914,-0.006507358916261986,-0.011076420082879694,-0.104433045,-0.018211117060311602
2024-04-05,0.010392607533296072,-0.009157004788231265,-0.011285941188337454,-0.10056942,-0.014347492060311606
2024-04-08,0.0005591868308165715,-0.009286703725148398,-0.011488638829013239,-0.0967153,-0.010493372060311604
2024-04-09,0.001156055580594284,-0.006997899852240259,-0.011684911633125015,-0.10497481,-0.0187528820603116
2024-04-10,-0.010063548773453057,-0.010217158447568504,-0.011875120370881804,-0.098845504,-0.0126235760603116
2024-04-11,0.00751860366543422,-0.00893155788408091,-0.012059592918109683,-0.10456096,-0.018339032060311594
2024-04-12,-0.01389930852456267,-0.010966484008715228,-0.012238628406373414,-0.09875013,-0.012528202060311605
2024-04-15,-0.012607143048339431,-0.010524944819797051,-0.012412500717369813,-0.098623544,-0.012401616060311593
2024-04-16,-0.001825436543476222,-0.01178784191487401,-0.012581461444375205,-0.09200344,-0.0057815120603116055
2024-04-17,-0.005935908826629088,-0.009780853557572845,-0.012745742417204846,-0.09560854,-0.009386612060311605
2024-04-18,-0.0020598169788943466,-0.010716569926294868,-0.012905557867128782,-0.09527334,-0.009051412060311598
2024-04-19,-0.008766747829932697,-0.010493937715765228,-0.01306110629282372,-0.09097973,-0.0047578020603115945
2024-04-22,0.009167041963362266,-0.010701103959510426,-0.013212572076536158,-0.091154516,-0.004932588060311605
2024-04-23,0.011796750326658056,-0.011521540066901897,-0.016619830206884817,-0.091448754,-0.005226826060311593
2024-04-24,-0.0004747741164194963,-0.01112514709834619,-0.016693559045110787,-0.09971543,-0.013493502060311593
2024-04-25,-0.0038060217810844676,-0.010013439691326415,-0.016765869590920485,-0.09619417,-0.009972242060311595
2024-04-26,0.009429271196176536,-0.011206022062959814,-0.016836796392424396,-0.094319485,-0.008097557060311594
2024-04-29,0.003535148997128701,-0.009742975756879727,-0.016906372830378477,-0.09682619,-0.010604262060311606
2024-04-30,-0.015968065081116478,-0.009014597733440837,-0.016974631173086004,-0.10382056,-0.017598632060311606
2024-05-01,-0.003252416950307868,-0.009928125572223421,-0.017041602627914085,-0.09641986,-0.010197932060311596
2024-05-02,0.009309942667914406,-0.01274501023969789,-0.01710731738971712,-0.09736713,-0.011145202060311596
2024-05-03,0.012319250829531114,-0.011905334394184992,-0.017171804686301938,-0.093477115,-0.007255187060311599
2024-05-06,0.010273856311450835,-0.010314964867686337,-0.017235092821326924,-0.104745075,-0.018523147060311607
2024-05-07,0.0011027240954675221,-0.00842303586073218,-0.01729720921465204,-0.104655966,-0.018434038060311603
2024-05-08,9.673844019175704e-05,-0.008031229230005288,-0.017358180440402673,-0.09944698,-0.013225052060311604
2024-05-09,0.00574523655301018,-0.0070094441829811685,-0.017418032262868855,-0.1045586,-0.0183366720603116
2024-05-10,0.0012874054558897896,-0.0066382707164339754,-0.017476789670472875,-0.10644136,-0.0202194320603116
2024-05-13,0.0001342549317495667,-0.006658496051020981,-0.01753447690779269,-0.10650349,-0.020281562060311606
2024-05-14,0.004577670208553819,-0.006369162294010107,-0.017591117505929108,-0.10628216,-0.0200602320603116
2024-05-15,0.012307025276262706,-0.00648796524256,-0.017646734311199223,-0.108064756,-0.021842828060311598
2024-05-16,-0.002059794730123521,-0.007236661410489374,-0.017701349512354615,-0.10173959,-0.015517662060311604
2024-05-17,0.0014364704790930105,-0.00677158894325536,-0.017754984666359913,-0.108012244,-0.021790316060311593
2024-05-20,0.0011517626915056312,-0.0060687485886455565,-0.01780766072287534,-0.10534251,-0.0191205820603116
2024-05-21,0.00244948779219456,-0.006179543890410045,-0.008528241990381723,-0.10398884,-0.0177669120603116
2024-05-22,-0.002883612783607603,-0.005335800607064796,-0.008840947144908727,-0.10320203,-0.0169801020603116
2024-05-23,-0.007330838320107169,-0.006892757315110971,-0.009138324130017214,-0.10806368,-0.021841752060311595
2024-05-24,0.006594582709478658,-0.008640070590098982,-0.009421894729463743,-0.10019902,-0.0139770920603116
2024-05-28,0.0006984610905371724,-0.007230438742972402,-0.009692938011248719,-0.10705204,-0.0208301120603116
2024-05-29,-0.007027165307512462,-0.007488281515923773,-0.00995254199916935,-0.100159384,-0.013937456060311604
2024-05-30,-0.006655806550083909,-0.0062541748755273905,-0.010201641949642307,-0.099841826,-0.013619898060311594
2024-05-31,0.009066932364354408,-0.007546337836801659,-0.01044104925488875,-0.09702113,-0.010799202060311597
2024-06-03,0.0008150257537948846,-0.011042523425621885,-0.01067147363919033,-0.0946935,-0.0084715720603116
2024-06-04,0.0011173476707382335,-0.010578231912521465,-0.010893540461372107,-0.09403241,-0.0078104820603115965
2024-06-05,0.011814974181419302,-0.008841573167694341,-0.011107804383799838,-0.094973125,-0.008751197060311605
2024-06-06,-1.889994548598395e-05,-0.009748711042371922,-0.011314760301266507,-0.09475738,-0.008535452060311602
2024-06-07,-0.0012162608230328331,-0.008067146798694092,-0.011514852174303227,-0.093034424,-0.006812496060311604
2024-06-10,0.003084930347054815,-0.008723500267994223,-0.011708480239367177,-0.10128511,-0.015063182060311597
2024-06-11,0.002405323107886659,-0.0069360512078502955,-0.01189600694724442,-0.099346705,-0.013124777060311593
2024-06-12,0.00817961624905994,-0.008157187993653496,-0.012077761894389498,-0.09565608,-0.009434152060311604
2024-06-13,0.0020115212467466392,-0.007661678580850523,-0.012254045949069784,-0.09449286,-0.008270932060311598
2024-06-14,0.0006081620606250837,-0.0077167098570053525,-0.012425134727958873,-0.09868911,-0.012467182060311596
2024-06-17,0.00792747855668896,-0.006547601337154925,-0.012591281544409196,-0.095523976,-0.009302048060311596
2024-06-18,0.0025374168089680182,-0.008824966230025537,-0.012752719923720773,-0.09531439,-0.009092462060311599
2024-06-20,-0.0027202108371549016,-0.005675036621878563,-0.007409185952371862,-0.08977411,-0.003552182060311604
2024-06-21,-0.0013416628058875446,-0.008121199482609281,-0.0077820209285842466,-0.10377912,-0.017557192060311602
2024-06-24,-0.003255932062322664,-0.006789488888361577,-0.008132108466327658,-0.10280119,-0.0165792620603116
2024-06-25,0.0038436272623956214,-0.008038254995335298,-0.00846236145938053,-0.0968629,-0.010640972060311601
2024-06-26,0.0012471969302234598,-0.006613968204769349,-0.008775104274646596,-0.10048484,-0.014262912060311606
2024-06-27,0.0015753890369714085,-0.006769270575283888,-0.009072228489098213,-0.10733144,-0.0211095120603116
2024-06-28,-0.0039431358597106225,-0.005943175393072153,-0.009355299180847739,-0.1068676,-0.020645672060311593
2024-07-01,0.002056065059189649,-0.009596393301927773,-0.009625629729661744,-0.10625601,-0.020034082060311598
2024-07-02,0.006707138072554741,-0.007627961725549346,-0.009884335845811812,-0.106377915,-0.020155987060311603
2024-07-03,0.004452875590931882,-0.007059650654923168,-0.010132375480901375,-0.10369222,-0.0174702920603116
2024-07-05,0.005749815904059652,-0.006302348341576836,-0.010370578891295642,-0.10803841,-0.0218164820603116
2024-07-08,0.001153262481199846,-0.007056284543690242,-0.010599671675872781,-0.10630028,-0.020078352060311597
2024-07-09,0.0009719518486646095,-0.005418368991190565,-0.010820292700411752,-0.10617547,-0.019953542060311594
2024-07-10,0.00984671242170343,-0.004729675106097227,-0.011033008234002618,-0.10748483,-0.021262902060311603
2024-07-11,-0.00866013912609187,-0.005921785311559947,-0.011238323234589735,-0.10999532,-0.023773392060311593
2024-07-12,0.0062878745057197705,-0.007348405655525151,-0.011436690458180498,-0.10377319,-0.0175512620603116
2024-07-15,0.002746278271057001,-0.008704121244803157,-0.011628517885134807,-0.10725552,-0.021033592060311593
2024-07-16,0.005912761456844606,-0.008631831838610087,-0.011814174829771802,-0.097672045,-0.011450117060311599
2024-07-17,-0.014120511801444913,-0.00690005264973015,-0.011993997008769228,-0.10072338,-0.014501452060311601
2024-07-18,-0.007714656852590096,-0.007723158582168056,-0.012168290778095244,-0.09312652,-0.006904592060311604
2024-07-19,-0.006662581531666767,-0.010442502492511123,-0.016521594200165565,-0.09313694,-0.006915012060311601
2024-07-22,0.010257097434216433,-0.009346818155869257,-0.01658455650296771,-0.09109719,-0.004875262060311594
2024-07-23,-0.0015698185132597686,-0.008430212106658801,-0.01664621752224275,-0.091743305,-0.005521377060311597
2024-07-24,-0.022923317428046097,-0.008044073145813188,-0.0167066096552452,-0.09064779,-0.0044258620603116056
2024-07-25,-0.005224033818780782,-0.009939647321557226,-0.016765764234973383,-0.099778235,-0.013556307060311606
2024-07-26,0.011137604030452053,-0.01244718939107686,-0.016823711577784704,-0.11709724,-0.030875312060311605
2024-07-29,0.0005875438160343194,-0.010429417464176596,-0.016880481028205,-0.093068495,-0.006846567060311601
2024-07-30,-0.0050794946348045045,-0.00969157231294626,-0.01693610100117095,-0.10176358,-0.015541652060311606
2024-07-31,0.01612399682535237,-0.01256696371243666,-0.01699059902187873,-0.120683864,-0.0344619360603116
2024-08-01,-0.014262065102805366,-0.011214782706731171,-0.01704400176339706,-0.095218256,-0.0089963280603116
2024-08-02,-0.018794117244160802,-0.01567275247723328,-0.017096335082221,-0.10500774,-0.018785812060311602
2024-08-05,-0.029555993681478654,-0.014045892000770778,-0.01714762405182715,-0.12082288,-0.03460095206031159
2024-08-06,0.009177375335982951,-0.01769337055186241,-0.017197892994525506,-0.13847646,-0.052254532060311595
2024-08-07,-0.006706490288479472,-0.018081178860422733,-0.017247165511543698,-0.13758913,-0.051367202060311604
2024-08-08,0.02285416390050976,-0.018144276786673956,-0.01729546451155611,-0.14400959,-0.05778766206031159
2024-08-09,0.0044000008937903345,-0.015853079999216868,-0.01734281223777354,-0.12290843,-0.0366865020603116
2024-08-12,0.0005251904022820497,-0.014070627754518504,-0.01738923029361554,-0.11444409,-0.028222162060311598
2024-08-13,0.016311703033143665,-0.012808918649012357,-0.017434739667082907,-0.10308874,-0.016866812060311598
2024-08-14,0.003150012940052349,-0.010775785965496726,-0.017479360753971603,-0.09758165,-0.011359722060311606
2024-08-15,0.016994949084867983,-0.010809736652719257,-0.01752311337988475,-0.093543455,-0.007321527060311597
2024-08-16,0.0022396068494119348,-0.008846006581218983,-0.019033976133534525,-0.09719993,-0.010978002060311604
2024-08-19,0.009515798271746867,-0.008076404660509923,-0.019053947940444856,-0.09760515,-0.011383222060311601
2024-08-20,-0.0016273428966124825,-0.008686859957971355,-0.01907357078293899,-0.11034532,-0.024123392060311596
2024-08-21,0.0034307354747564744,-0.008377739886992006,-0.01909285112852007,-0.10751951,-0.0212975820603116
2024-08-22,-0.00787944100330673,-0.011315375380627041,-0.01911179531131083,-0.101113416,-0.014891488060311597
2024-08-23,0.01056921243473763,-0.011098561900372996,-0.01913040953534888,-0.10448666,-0.018264732060311595
2024-08-26,-0.002386583442142154,-0.010961820659500993,-0.019148699877715575,-0.11127566,-0.025053732060311598
2024-08-27,0.0013721780407838224,-0.010275350237542787,-0.019166672291601083,-0.10839312,-0.022171192060311595
2024-08-28,-0.005822308090388084,-0.009343295736006198,-0.01918433260927333,-0.0957447,-0.009522772060311602
2024-08-29,8.94293709441385e-05,-0.011148301255061732,-0.01920168654495378,-0.09737306,-0.011151132060311597
2024-08-30,0.009500772206501473,-0.011243132137489842,-0.019218739697631118,-0.088735566,-0.0025136380603116015
2024-09-03,-0.02079360020588794,-0.011641649687588696,-0.01923549755374506,-0.09478609,-0.008564162060311603
2024-09-04,-0.0020489960990417444,-0.013272703886199232,-0.019251965489862636,-0.11096516,-0.024743232060311593
2024-09-05,-0.0024350716073691103,-0.011255144329147725,-0.019268148775194407,-0.109931156,-0.023709228060311602
2024-09-06,-0.016973394800869457,-0.01221998617925446,-0.019284052574129042,-0.10217105,-0.0159491220603116
2024-09-09,0.011134049068249219,-0.0136572532612908,-0.019299681948605436,-0.09790537,-0.011683442060311605
2024-09-10,0.004346107585829984,-0.0109908173324015,-0.01931504186049335,-0.10671045,-0.020488522060311598
2024-09-11,0.010206761753209115,-0.01123523509128323,-0.019330137173879075,-0.12032281,-0.0341008820603116
2024-09-12,0.008387937863513883,-0.017357923783416485,-0.0193449726572512,-0.10001928,-0.013797352060311602
2024-09-13,0.0052092100996716795,-0.012766699266710453,-0.019359552985700426,-0.09888655,-0.012664622060311603
2024-09-16,0.0014758152293223858,-0.010034547279955376,-0.015694785085545258,-0.10937731,-0.023155382060311605
2024-09-17,0.000408562518766864,-0.010026295069318764,-0.01577415941099159,-0.095489256,-0.009267328060311594
2024-09-18,-0.0029702149851482673,-0.012037569777148666,-0.0158517812334594,-0.09836677,-0.012144842060311606
2024-09-19,0.016920427220500578,-0.0116475696089742,-0.015927699372638254,-0.108556375,-0.022334447060311596
2024-09-20,-0.0017300946800880013,-0.009941070175929356,-0.01600196076989908,-0.09516784,-0.008945912060311603
2024-09-23,0.0024956146440882065,-0.009603155536817102,-0.01607461058854293,-0.09592866,-0.009706732060311599
2024-09-24,0.002857296449218616,-0.0077922532955466035,-0.016145692307081735,-0.108280376,-0.022058448060311597
2024-09-25,-0.002207994355861942,-0.008898386910974193,-0.01621524780614337,-0.102128685,-0.015906757060311597
2024-09-26,0.003956849297595433,-0.007379254726620668,-0.016283317449533964,-0.09271274,-0.0064908120603116015
2024-09-27,-0.0014513811753724681,-0.008430096567352354,-0.016349940159938448,-0.09839718,-0.0121752520603116
2024-09-30,0.003999259531640931,-0.007623240018630887,-0.01641515348969369,-0.09979161,-0.013569682060311603
2024-10-01,-0.008998720394425064,-0.009499260416745788,-0.016478993687025066,-0.095811166,-0.009589238060311603
2024-10-02,0.00042190964946087206,-0.010788011674196567,-0.016541495758111906,-0.094461896,-0.008239968060311603
2024-10-03,-0.001829851470571242,-0.009606000334077281,-0.016602693525297686,-0.09653504,-0.010313112060311602
2024-10-04,0.009046286412710991,-0.009358506853279863,-0.01666261968171885,-0.109305754,-0.023083826060311605
2024-10-07,-0.00908154834403696,-0.010145842907555618,-0.016721305842677482,-0.10539241,-0.019170482060311606
2024-10-08,0.009413082822788965,-0.00940349322770376,-0.01677878259391587,-0.10521515,-0.018993222060311593
2024-10-09,0.006902582611441943,-0.00821275394628718,-0.016835079537125364,-0.10773933,-0.021517402060311594
2024-10-10,-0.0017516055383008933,-0.008293670150128834,-0.016890225332801923,-0.11076604,-0.024544112060311596
2024-10-11,0.0059703012872560635,-0.007579480028849302,-0.016944247740625768,-0.10905227,-0.022830342060311606
2024-10-14,0.008145173799189998,-0.006970631505506133,-0.010514017458550372,-0.102485016,-0.016263088060311598
2024-10-15,-0.00779998754450606,-0.007099591885586576,-0.010741119229151561,-0.10936661,-0.023144682060311603
2024-10-16,0.004336967801646274,-0.007969852779234935,-0.010959550325529427,-0.10089516,-0.014673232060311597
2024-10-17,8.590459073332113e-05,-0.006940756951541515,-0.01116988959159563,-0.10907751,-0.022855582060311602
2024-10-18,0.0038391196156357665,-0.006258367046921261,-0.011372653680992056,-0.093151286,-0.0069293580603115995
2024-10-21,-0.0016435476328693355,-0.006379684290436205,-0.01156830624533991,-0.09329753,-0.007075602060311603
2024-10-22,-0.0005313053194067052,-0.007384005115189042,-0.01175726543214283,-0.08963857,-0.0034166420603116004
2024-10-23,-0.00917946033174033,-0.006807647780152788,-0.011939910058862507,-0.09293707,-0.006715142060311596
2024-10-24,0.002160427678726151,-0.009163384470622557,-0.012116584739153426,-0.093104325,-0.006882397060311601
2024-10-25,-0.00034540174304797944,-0.007504428039422614,-0.012287604171597327,-0.09381357,-0.007591642060311599
2024-10-28,0.003086616302594436,-0.009414993225927726,-0.012453256753033574,-0.09373462,-0.007512692060311604
2024-10-29,0.0016170489493454454,-0.006004810402370761,-0.012613807642685127,-0.091671474,-0.0054495460603116025
2024-10-30,-0.0030297866417541286,-0.008222915173827894,-0.012769501376265084,-0.10018874,-0.013966812060311598
2024-10-31,-0.019797715876523014,-0.007573639684048342,-0.012920564108702461,-0.09723081,-0.0110088820603116
2024-11-01,0.004211498945756453,-0.007563610656905846,-0.013067205548345649,-0.101576425,-0.015354497060311598
2024-11-04,-0.002156238244888087,-0.007985124414154854,-0.013209620633271352,-0.10644354,-0.020221612060311603
2024-11-05,0.012019224721391275,-0.008055536827701947,-0.013347990990766188,-0.0966402,-0.010418272060311595
2024-11-06,0.024561492351732994,-0.007242302294730791,-0.013482486213515209,-0.09442651,-0.008204582060311605
2024-11-07,0.007702433894916538,-0.009200161956879135,-0.01361326498005185,-0.109770894,-0.023548966060311594
2024-11-08,0.0043224654534732565,-0.007092246049288842,-0.01374047604224348,-0.096057266,-0.009835338060311602
2024-11-11,0.0009522883302697238,-0.006917031977340492,-0.01375396166495296,-0.092251256,-0.006029328060311603
2024-11-12,-0.0031111855953751544,-0.006773704809105852,-0.013877673089844476,-0.094801076,-0.008579148060311598
2024-11-13,0.00048569419030286554,-0.007933503263828785,-0.013998108208823988,-0.09925745,-0.013035522060311597
2024-11-14,-0.006450960231751068,-0.007331422172643112,-0.014115389602387117,-0.09660924,-0.010387312060311599
2024-11-15,-0.012891386469635613,-0.007170520638703906,-0.014229632970709989,-0.09711874,-0.010896812060311595
2024-11-18,0.004089045542489345,-0.008380590244316106,-0.014340947677220859,-0.096186176,-0.009964248060311598
2024-11-19,0.0036488673244292613,-0.0076478490397486635,-0.01444943723702301,-0.10853481,-0.022312882060311595
2024-11-20,0.000338709948256799,-0.008437496902329469,-0.014555199756918803,-0.10415493,-0.017933002060311606
2024-11-21,0.005353901391776716,-0.009352674659341772,-0.01465832833282565,-0.10250376,-0.0162818320603116
2024-11-22,0.003094672453006986,-0.010683771923660724,-0.014758911409569758,-0.099296145,-0.013074217060311602
2024-11-25,0.003386433678337575,-0.007283317932696491,-0.01485703310736514,-0.104155734,-0.0179338060603116
2024-11-26,0.005207900028861623,-0.009389517756868849,-0.014952773518711875,-0.10675515,-0.020533222060311593
2024-11-27,-0.003034713215093632,-0.007466401893253987,-0.015046208978960338,-0.09916714,-0.0129452120603116
2024-11-29,0.006192862491278817,-0.007527746912125088,-0.015137412313373245,-0.09672901,-0.010507082060311604
2024-12-02,0.0017907117841859943,-0.006616899714748743,-0.015226453063162417,-0.09712052,-0.010898592060311602
2024-12-03,0.00046365251870739144,-0.005496030434946148,-0.015313397692672889,-0.10857825,-0.0223563220603116
2024-12-04,0.006190406054193076,-0.004957223729787686,-0.015398309779625054,-0.09337597,-0.007154042060311602
2024-12-05,-0.0016470045233027975,-0.005315623542022207,-0.015481250190099586,-0.095205635,-0.008983707060311596
2024-12-06,0.0018938416764564536,-0.004800249346814862,-0.015562277239754138,-0.090305194,-0.004083266060311605
2024-12-09,-0.005162898595899357,-0.0046070189735576885,-0.015641446842591177,-0.09246548,-0.006243552060311602
2024-12-10,-0.003113893730123607,-0.005159751388038801,-0.009447150604041816,-0.09423018,-0.008008252060311596
2024-12-11,0.007700913189568226,-0.005464966960214449,-0.009716085457723312,-0.09956858,-0.013346652060311603
2024-12-12,-0.0051659822944536415,-0.005253094241689395,-0.009972981736963793,-0.09222667,-0.006004742060311596
2024-12-13,-0.00019850007617261411,-0.0048960693619185215,-0.01021883421620644,-0.09245255,-0.006230622060311594
2024-12-16,0.004260767635327234,-0.00631207176499187,-0.01045450532735576,-0.09642507,-0.010203142060311601
2024-12-17,-0.004128531821669945,-0.005435425983362671,-0.010680749042584852,-0.102610946,-0.016389018060311594
2024-12-18,-0.030256642874309847,-0.005207009921916841,-0.010898229449381343,-0.09691988,-0.0106979520603116
2024-12-19,-0.00030719646579946414,-0.01294790373540665,-0.011107535395825886,-0.12242992,-0.0362079920603116
2024-12-20,0.011939532412140075,-0.010090976136573457,-0.011309192179715915,-0.09845753,-0.012235602060311601
2024-12-23,0.005970472398741933,-0.014559330331700239,-0.011503670981906087,-0.09277241,-0.006550482060311599
2024-12-24,0.011053596172232893,-0.012386687863049523,-0.011691396555902749,-0.10826169,-0.022039762060311593
2024-12-26,6.667669712623336e-05,-0.010065172314467583,-0.0118727535535902,-0.09720341,-0.010981482060311604
2024-12-27,-0.010582399351832805,-0.009598795949243856,-0.01204809177270506,-0.09685139,-0.010629462060311595
2024-12-30,-0.011477207498316488,-0.011343040898981019,-0.01221773054343998,-0.095662676,-0.009440748060311602
2024-12-31,-0.003644669396511979,-0.010932556141137677,-0.012381962421487546,-0.104512826,-0.018290898060311603
2025-01-02,-0.0024600397749132696,-0.009682870488043296,-0.012541056317633357,-0.09409075,-0.0078688220603116
2025-01-03,0.012425911796793976,-0.012896962295958006,-0.012695260166046274,-0.101699844,-0.015477916060311597
2025-01-06,0.005744021301119062,-0.010407861935688802,-0.01284480321217372,-0.10309096,-0.016869032060311595
2025-01-07,-0.011368401888733892,-0.011133558865498161,-0.012989897984855081,-0.10482521,-0.0186032820603116
2025-01-08,0.0014599978421703241,-0.012227960655612711,-0.013130742004649691,-0.09044164,-0.004219712060311603
2025-01-10,-0.015385242615605144,-0.010946177455336532,-0.01690353797235709,-0.092845164,-0.006623236060311594
2025-01-13,0.0015492092546747216,-0.010662796906828531,-0.016948973327456006,-0.10558979,-0.019367862060311603
2025-01-14,0.0013750277681197076,-0.009590049828471489,-0.016993442966267785,-0.11306338,-0.026841452060311605
2025-01-15,0.01802655458887603,-0.011110510782315987,-0.01703697016072528,-0.11426772,-0.028045792060311603
2025-01-16,-0.0019250086386461973,-0.009298785345313525,-0.0170795774945701,-0.09298846,-0.006766532060311595
2025-01-17,0.00998981640011376,-0.007761501901944198,-0.01712128688985591,-0.09960071,-0.013378782060311595
2025-01-21,0.009111913338347044,-0.008359609267829748,-0.017162119632042484,-0.09272242,-0.0065004920603115995
2025-01-22,0.005605687686944805,-0.008412316334500028,-0.017202096393981996,-0.103962496,-0.0177405680603116
2025-01-23,0.0054432399930517406,-0.006655268326972538,-0.01724123725861037,-0.09538228,-0.0091603520603116
2025-01-24,-0.002923564257976352,-0.0062280332820223525,-0.017279561740649062,-0.09686984,-0.010647912060311598
2025-01-27,-0.014246258965111558,-0.00719427162127173,-0.01731708880721501,-0.09067271,-0.004450782060311603
2025-01-28,0.008555592306635162,-0.0066012981222033935,-0.01735383689748435,-0.088335834,-0.0021139060603116017
2025-01-29,-0.004492974502896985,-0.009599810423300053,-0.0173898239414331,-0.0979647,-0.011742772060311601
2025-01-30,0.0053527821159287114,-0.008560288267945639,-0.017425067377767875,-0.10496615,-0.018744222060311594
2025-01-31,-0.005336152158447405,-0.00959962910146842,-0.01745958417096922,-0.095331915,-0.009109987060311603
2025-02-03,-0.006752313154917644,-0.01085044811903683,-0.017493390827624012,-0.09709493,-0.010873002060311596
2025-02-04,0.006685791665595353,-0.012227432285756873,-0.017526503412033177,-0.097547986,-0.011326058060311603
2025-02-05,0.0040463811667939,-0.008971452256338905,-0.01755893756110978,-0.09772817,-0.011506242060311603
2025-02-06,0.003469621146629187,-0.009700254847177594,-0.01759070849867264,-0.11068265,-0.024460722060311593
2025-02-07,-0.009195707278859544,-0.008806020852727832,-0.017621831049060767,-0.100203946,-0.013982018060311602
2025-02-10,0.00676824723032432,-0.009969382726142242,-0.01428344668898483,-0.10131868,-0.015096752060311594
2025-02-11,0.0007603429144333873,-0.006940924409966543,-0.014383900387075568,-0.106391385,-0.020169457060311605
2025-02-12,-0.0032267823062159806,-0.006607115309040842,-0.014481752565984123,-0.09967003,-0.013448102060311606
2025-02-13,0.010502166451319184,-0.008144630969597546,-0.014577091874807602,-0.10159295,-0.015371022060311601
2025-02-14,-4.9142755990772e-05,-0.00834305201770379,-0.014670002645632152,-0.10576211,-0.019540182060311606
2025-02-18,0.002931547109563226,-0.005725979852751558,-0.014760565187379521,-0.09789446,-0.011672532060311602
2025-02-19,0.002352148538519394,-0.006648251485410941,-0.014848856053772501,-0.09638041,-0.0101584820603116
2025-02-20,-0.004169011000715983,-0.006395265284131549,-0.014934948288186834,-0.09389674,-0.007674812060311606
2025-02-21,-0.017252034572690533,-0.007485308456038239,-0.015018911647812078,-0.09016796,-0.003946032060311605
2025-02-24,-0.004560867813255598,-0.008504216317246703,-0.015100812809247724,-0.108927384,-0.022705456060311602
2025-02-25,-0.004985579879551949,-0.008431887543112509,-0.015180715557405727,-0.098704845,-0.012482917060311599
2025-02-26,0.0005047177163994832,-0.010703920568926004,-0.015258680959370328,-0.107755855,-0.021533927060311597
2025-02-27,-0.016090694041481335,-0.011229159239826498,-0.015334767524675297,-0.10230185,-0.0160799220603116
2025-02-28,0.01548502287285558,-0.012237576963937548,-0.015409031353292944,-0.13781555,-0.05159362206031161
2025-03-03,-0.01767516259718871,-0.013385100026565963,-0.015481526272484983,-0.09889804,-0.012676112060311606
2025-03-04,-0.01190755274259292,-0.016464692197111913,-0.015552303963539306,-0.13688374,-0.0506618120603116
2025-03-05,0.010690534503495108,-0.017204527038633413,-0.015621414079306482,-0.11724879,-0.031026862060311605
2025-03-06,-0.017910564973548482,-0.016459006842686804,-0.015688904353353045,-0.11056675,-0.024344822060311605
2025-03-07,0.005589137617295847,-0.016347816468297735,-0.01575482070146356,-0.12749559,-0.04127366206031159
2025-03-10,-0.026996673357372103,-0.017317025832227422,-0.015819207316148522,-0.13708946,-0.050867532060311596
2025-03-11,-0.008347663961667529,-0.01836516421840535,-0.03313070725220523,-0.11524026,-0.029018332060311597
2025-03-12,0.005292620718742924,-0.018080194203579616,-0.03292834193259363,-0.11917429,-0.0329523620603116
2025-03-13,-0.013420227709884713,-0.016645729872398762,-0.03272848844760599,-0.13285016,-0.046628232060311595
2025-03-14,0.020445361754495295,-0.015372731292840183,-0.032531123335282144,-0.127564,-0.04134207206031161
2025-03-17,0.007681797629965459,-0.017710495035671424,-0.03233622327580209,-0.14072366,-0.0545017320603116
2025-03-18,-0.010867311813676395,-0.014246198578219915,-0.03214376508986351,-0.118557796,-0.03233586806031159
2025-03-19,0.010832018385081632,-0.012559676410942423,-0.0319537257370786,-0.122761846,-0.036539918060311594
2025-03-20,-0.0028960281170418156,-0.014831447766387694,-0.031766082314477966,-0.09770701,-0.011485082060311597
2025-03-21,0.00032991396644632687,-0.014504019888603732,-0.03158081205499502,-0.11183059,-0.025608662060311593
2025-03-24,0.017750007931702783,-0.012316542835824996,-0.031397892326069717,-0.12391169,-0.037689762060311605
2025-03-25,0.0024009321304907516,-0.010895591895597528,-0.03121730062825203,-0.09899246,-0.012770532060311604
2025-03-26,-0.012010075835660494,-0.009443498059932068,-0.031039014593907045,-0.10359827,-0.017376342060311606
2025-03-27,-0.002659233552797957,-0.012476481892539196,-0.03086301198592583,-0.08897564,-0.0027537120603115944
2025-03-28,-0.020343815134763688,-0.01149880865292587,-0.030689270696522827,-0.09436561,-0.008143682060311602
2025-03-31,0.006690287390307859,-0.012495081063538017,-0.030517768746066404,-0.10508391,-0.018861982060311602
2025-04-01,0.002820478376210467,-0.015898044973823813,-0.03034848428197569,-0.10237874,-0.016156812060311596
2025-04-02,0.006308519249995648,-0.015369889759100063,-0.03018139557764674,-0.103131086,-0.016909158060311597
2025-04-03,-0.050536601517315205,-0.015980137679482923,-0.030016481031463402,-0.09936948,-0.013147552060311596
2025-04-04,-0.06032655816521526,-0.015828109022973068,-0.029853719165828702,-0.12157187,-0.0353499420603116
2025-04-07,-0.0017827622978829893,-0.019599724641457133,-0.029693088626267673,-0.14517358,-0.058951652060311596
2025-04-08,-0.015786740816996492,-0.03915631359834402,-0.06368748308231476,-0.14436722,-0.05814529206031159
2025-04-09,0.09986285780989679,-0.0382845145120667,-0.06319113233471238,-0.14439207,-0.05817014206031161
2025-04-10,-0.04480816012689637,-0.03976850222860669,-0.0626994909145336,-0.14513038,-0.0589084520603116
2025-04-11,0.017685506101808635,-0.03918651300560614,-0.062212520717573515,-0.14270905,-0.056487122060311604
2025-04-14,0.009654712262169518,-0.0326555830310102,-0.061730183967040615,-0.14493896,-0.058717032060311605
2025-04-15,-0.0028047999116580513,-0.026625355422391004,-0.061252443210254505,-0.14145973,-0.055237802060311605
2025-04-16,-0.022478810553387518,-0.021452669966584643,-0.06077926131537495,-0.12660028,-0.04037835206031161
2025-04-17,0.0014257865623426014,-0.028165651866473265,-0.060310601468146555,-0.14300518,-0.05678325206031161
2025-04-21,-0.024090554420205912,-0.019388258303765196,-0.05984642716865902,-0.14229693,-0.05607500206031159
2025-04-22,0.02568511389871997,-0.0225962298224543,-0.05938670222813785,-0.14381006,-0.05758813206031159
2025-04-23,0.015376582393487048,-0.01977719097259573,-0.05893139076573121,-0.13921048,-0.0529885520603116
2025-04-24,0.02083049428108641,-0.022028037643173855,-0.05848045720534355,-0.13380767,-0.04758574206031159
2025-04-25,0.00719931890932024,-0.01882006083031179,-0.05803386627245616,-0.11981109,-0.033589162060311595
2025-04-28,0.0003812462887164969,-0.01732078487886069,-0.05759158299099677,-0.123675615,-0.0374536870603116
2025-04-29,0.006279608352886434,-0.018239233883165364,-0.05715357268020416,-0.13347954,-0.04725761206031161
2025-04-30,0.00039681988144391056,-0.014997782637948221,-0.05671980095151771,-0.11589214,-0.029670212060311604
2025-05-01,0.007061924468366065,-0.021514297541757234,-0.05629023370549044,-0.12634127,-0.040119342060311605
2025-05-02,0.014735031209223592,-0.01612022655095313,-0.055864837128706206,-0.13452631,-0.04830438206031161
2025-05-05,-0.005750849143979053,-0.01574148912228378,-0.055443577690737184,-0.108610615,-0.022388687060311593
2025-05-06,-0.008393432683426738,-0.014522903878837784,-0.05502642214108565,-0.1119405,-0.025718572060311598
2025-05-07,0.004196631772184212,-0.015924007619770027,-0.02067442446787225,-0.111748084,-0.025526156060311597
2025-05-08,0.006943712500491195,-0.015365013277489218,-0.020656658615824344,-0.12728573,-0.04106380206031161
2025-05-09,-0.0012750449597458413,-0.015710257973590293,-0.02063920686046063,-0.096353315,-0.010131387060311595
2025-05-12,0.03251313318049043,-0.01215644117557346,-0.02062206389492624,-0.11774926,-0.031527332060311594
2025-05-13,0.006582231688405216,-0.012867759425887377,-0.020605224493820698,-0.09814782,-0.011925892060311596
2025-05-14,0.001277238303591055,-0.012053987356312933,-0.020588683512158753,-0.097470015,-0.011248087060311593
2025-05-15,0.00487241822668949,-0.00979395678911594,-0.020572435884433242,-0.100083336,-0.013861408060311595
2025-05-16,0.006314012536879687,-0.00940891422233298,-0.0205564766236171,-0.099336505,-0.013114577060311605
2025-05-19,0.0010932883405745386,-0.009756767517392427,-0.02054080082019735,-0.09645976,-0.010237832060311605
2025-05-20,-0.0033678143775368596,-0.009255450107876243,-0.020525403641235566,-0.10857673,-0.022354802060311596
2025-05-21,-0.01699442557638342,-0.009008389680193905,-0.020510280329363622,-0.09880991,-0.0125879820603116
2025-05-22,0.00039461074388835726,-0.012854328882056742,-0.020495426201860383,-0.099723324,-0.013501396060311602
2025-05-23,-0.006849199340438261,-0.01068806275533265,-0.020480836649678695,-0.1020301,-0.0158081720603116
2025-05-27,0.020577463293299125,-0.010966354318600774,-0.020466507136509014,-0.1159216,-0.0296996720603116
2025-05-28,-0.005802224926641841,-0.015426132885477008,-0.020452433197841204,-0.118449464,-0.032227536060311604
2025-05-29,0.0039396369090001215,-0.01139722903862891,-0.02043861044000531,-0.11413486,-0.027912932060311604
2025-05-30,-0.0011191164581365598,-0.012288790890730737,-0.020425034539264912,-0.12153734,-0.03531541206031159
2025-06-02,0.005617079941972136,-0.013327987321972571,-0.02041170124087796,-0.13510703,-0.04888510206031159
2025-06-03,0.005686453592479879,-0.012295210101729338,-0.020398606358185273,-0.10149102,-0.015269092060311601
2025-06-04,-0.00026848133091395,-0.009616099270602238,-0.020385745771687863,-0.12059127,-0.0343693420603116
2025-06-05,-0.0048445148761180334,-0.007843157420407419,-0.011600388478581667,-0.101575404,-0.015353476060311594
2025-06-06,0.010216636860428174,-0.011156304922720196,-0.011798436477304823,-0.10833402,-0.022112092060311603
2025-06-09,0.0009008571210724625,-0.00879539682962833,-0.011989585602013854,-0.09776889,-0.011546962060311597
2025-06-10,0.005653637182822635,-0.0073599385785096,-0.012174227948419419,-0.09846495,-0.012243022060311595
2025-06-11,-0.002856058742156442,-0.007847797242761398,-0.012352720218540635,-0.09787533,-0.011653402060311596
2025-06-12,0.003966413555468229,-0.009194476324070444,-0.01252538815975987,-0.10690512,-0.020683192060311606
2025-06-13,-0.011243089408767837,-0.006822331873266046,-0.012692530304205828,-0.1064859,-0.020263972060311594
2025-06-16,0.009469281330511059,-0.0094085388283049,-0.012854421139339567,-0.10153232,-0.015310392060311595
2025-06-17,-0.00858179280466409,-0.008083092411455285,-0.01301131381257032,-0.122019365,-0.035797437060311604
2025-06-18,-0.000150711955467564,-0.008631591374795538,-0.013163442451404028,-0.10913873,-0.022916802060311603
2025-06-20,-0.0023513203523286563,-0.008716671432567238,-0.01331102416425545,-0.09678328,-0.010561352060311599
2025-06-23,0.009829026584036171,-0.009578944053151291,-0.013454260774369382,-0.11329739,-0.027075462060311598
2025-06-24,0.010986670773378115,-0.01078510684095015,-0.013593340329383304,-0.10036294,-0.014141012060311597
2025-06-25,0.0005601216284096822,-0.008676980701592577,-0.013728438421255188,-0.097075164,-0.010853236060311605
2025-06-26,0.007793376614487535,-0.007852919344446914,-0.01385971934508297,-0.09633882,-0.010116892060311605
2025-06-27,0.004956038292762699,-0.007684860959494131,-0.013987337120389323,-0.09428229,-0.008060362060311604
2025-06-30,0.004769798075327181,-0.008866278928968263,-0.014111436394460782,-0.09634764,-0.010125712060311598
2025-07-01,-0.0003236765254888141,-0.0076137917811199,-0.014232153244104458,-0.09822824,-0.012006312060311594
2025-07-02,0.0045230473849446895,-0.006800407624113845,-0.014349615889558855,-0.09414101,-0.007919082060311597
2025-07-03,0.007850503872321113,-0.0063530966187039795,-0.014463945332144299,-0.09613272,-0.009910792060311605
2025-07-07,-0.0074799053524596815,-0.006421812712133136,-0.008426961166272411,-0.09692931,-0.010707382060311604
2025-07-08,-0.0005478812967822932,-0.008063454644445989,-0.008760522002501481,-0.10324739,-0.017025462060311594
2025-07-09,0.005978755562775717,-0.005995339004447122,-0.009075618387544837,-0.09719399,-0.010972062060311594
2025-07-10,0.0028162878388942048,-0.006790101592354085,-0.009374231198644828,-0.096640624,-0.010418696060311594
2025-07-11,-0.0035216008393907927,-0.006844256070237788,-0.009658002496878614,-0.09770955,-0.011487622060311606
2025-07-14,0.0019063989311298712,-0.006673391137824057,-0.009928312708417006,-0.09611638,-0.009894452060311601
2025-07-15,-0.004282428268111538,-0.0061006701649901325,-0.010186336464193499,-0.1065582,-0.020336272060311605
2025-07-16,0.003337652058813312,-0.0063731293100081025,-0.01043308390953764,-0.11036639,-0.024144462060311594
2025-07-17,0.006101000318944116,-0.008651759790471794,-0.010669431863604828,-0.11784102,-0.031619092060311604
2025-07-18,-0.0007326435702887935,-0.006414688168462102,-0.010896147727103931,-0.119037494,-0.03281556606031159
2025-07-21,0.0018943809648543919,-0.00623095916712075,-0.011113908105503766,-0.094657786,-0.008435858060311593
2025-07-22,0.00014307200069385573,-0.006630283767080602,-0.011323313512914417,-0.10628861,-0.020066682060311605
2025-07-23,0.008471531405706223,-0.00683946164753691,-0.011524900123058221,-0.096323274,-0.0101013460603116
2025-07-24,0.0003310042149538006,-0.006388623754154766,-0.011719149263725664,-0.10376914,-0.017547212060311596
2025-07-25,0.004215422064667074,-0.005175539724586187,-0.011906495164646586,-0.09747593,-0.011254002060311602
2025-07-28,-0.00025112735570509415,-0.005054022557901057,-0.01208733133763476,-0.09995984,-0.013737912060311594
2025-07-29,-0.0026410841631854254,-0.005207072282699349,-0.012262015874231393,-0.09572058,-0.0094986520603116
